NOT DRAW,a,b,a,b,25-03-2026,TicTacToe
NOT DRAW,a,b,a,b,25-03-2026,TicTacToe
NOT DRAW,a,b,a,b,25-03-2026,TicTacToe
NOT DRAW,a,b,a,b,25-03-2026,TicTacToe
NOT DRAW,a,b,a,b,25-03-2026,TicTacToe
NOT DRAW,a,b,a,b,25-03-2026,TicTacToe
NOT DRAW,a,b,a,b,25-03-2026,TicTacToe
NOT DRAW,a,b,a,b,25-03-2026,TicTacToe
NOT DRAW,a,b,a,b,25-03-2026,TicTacToe
NOT DRAW,a,b,a,b,25-03-2026,TicTacToe
NOT DRAW,a,b,a,b,25-03-2026,TicTacToe
NOT DRAW,a,b,a,b,25-03-2026,TicTacToe
NOT DRAW,a,b,a,b,27-03-2026,TicTacToe
NOT DRAW,a,b,a,b,30-03-2026,TicTacToe
NOT DRAW,a,b,a,b,30-03-2026,TicTacToe
NOT DRAW,a,b,a,b,30-03-2026,TicTacToe
NOT DRAW,a,b,a,b,30-03-2026,TicTacToe
NOT DRAW,a,b,a,b,30-03-2026,TicTacToe
NOT DRAW,a,b,a,b,30-03-2026,TicTacToe
NOT DRAW,a,b,a,b,30-03-2026,TicTacToe
NOT DRAW,a,b,a,b,30-03-2026,TicTacToe
NOT DRAW,a,b,a,b,30-03-2026,TicTacToe
NOT DRAW,a,b,a,b,30-03-2026,TicTacToe
NOT DRAW,a,b,a,b,30-03-2026,TicTacToe
NOT DRAW,a,b,a,b,30-03-2026,TicTacToe
NOT DRAW,a,b,a,b,30-03-2026,TicTacToe
NOT DRAW,a,b,a,b,30-03-2026,TicTacToe
NOT DRAW,a,b,b,a,30-03-2026,TicTacToe
NOT DRAW,a,b,b,a,30-03-2026,TicTacToe
NOT DRAW,a,b,a,b,30-03-2026,TicTacToe
NOT DRAW,a,b,a,b,30-03-2026,TicTacToe
NOT DRAW,a,b,a,b,30-03-2026,TicTacToe
NOT DRAW,a,b,a,b,30-03-2026,TicTacToe
NOT DRAW,a,b,a,b,30-03-2026,TicTacToe
NOT DRAW,a,b,b,a,30-03-2026,TicTacToe
NOT DRAW,a,b,b,a,30-03-2026,TicTacToe
NOT DRAW,a,b,b,a,30-03-2026,TicTacToe
NOT DRAW,a,b,b,a,30-03-2026,TicTacToe
NOT DRAW,a,b,b,a,30-03-2026,TicTacToe
DRAW,a,b,NA,NA,30-03-2026,TicTacToe
DRAW,a,b,NA,NA,31-03-2026,TicTacToe
NOT DRAW,a,b,b,a,31-03-2026,TicTacToe
NOT DRAW,a,b,b,a,31-03-2026,TicTacToe
NOT DRAW,a,b,b,a,31-03-2026,TicTacToe
NOT DRAW,a,b,b,a,31-03-2026,TicTacToe
NOT DRAW,a,b,b,a,31-03-2026,TicTacToe
NOT DRAW,a,b,b,a,31-03-2026,TicTacToe
NOT DRAW,a,b,b,a,31-03-2026,TicTacToe
NOT DRAW,a,b,b,a,31-03-2026,TicTacToe
NOT DRAW,a,b,b,a,31-03-2026,TicTacToe
NOT DRAW,a,b,b,a,31-03-2026,TicTacToe
NOT DRAW,a,b,b,a,31-03-2026,TicTacToe
NOT DRAW,a,b,b,a,31-03-2026,TicTacToe
NOT DRAW,a,b,b,a,31-03-2026,TicTacToe
NOT DRAW,a,b,b,a,31-03-2026,TicTacToe
NOT DRAW,a,b,b,a,31-03-2026,TicTacToe
NOT DRAW,a,b,b,a,31-03-2026,TicTacToe
NOT DRAW,a,b,b,a,31-03-2026,TicTacToe
NOT DRAW,a,b,b,a,31-03-2026,TicTacToe
NOT DRAW,a,b,a,b,31-03-2026,TicTacToe
NOT DRAW,a,b,a,b,31-03-2026,TicTacToe
NOT DRAW,a,b,a,b,31-03-2026,TicTacToe
NOT DRAW,a,b,a,b,31-03-2026,TicTacToe
NOT DRAW,a,b,a,b,31-03-2026,TicTacToe
NOT DRAW,a,b,b,a,31-03-2026,TicTacToe
NOT DRAW,a,b,a,b,31-03-2026,TicTacToe
NOT DRAW,a,b,a,b,31-03-2026,TicTacToe
NOT DRAW,a,b,a,b,31-03-2026,TicTacToe
NOT DRAW,a,b,a,b,31-03-2026,TicTacToe
NOT DRAW,a,b,a,b,31-03-2026,TicTacToe
NOT DRAW,a,b,a,b,31-03-2026,TicTacToe
NOT DRAW,a,b,a,b,31-03-2026,TicTacToe
NOT DRAW,a,b,a,b,31-03-2026,TicTacToe
NOT DRAW,a,b,b,a,29-04-2026,TicTacToe
